frame_idx,total_processing_ms
1,101.972
2,157.963
3,178.172
4,143.742
5,133.726
6,138.472
7,132.340
8,148.624
9,138.490
10,110.844
11,107.779
12,146.122
13,119.368
14,106.502
15,114.554
16,122.994
17,131.187
18,124.007
19,124.131
20,130.889
21,126.363
22,113.864
23,117.646
24,148.870
25,140.131
26,108.418
27,127.773
28,159.125
29,133.865
30,161.542
31,144.203
32,117.699
33,106.280
34,130.219
35,150.831
36,134.266
37,103.385
38,124.257
39,141.142
40,161.491
41,128.630
42,146.039
43,121.570
44,137.335
45,139.978
46,156.798
47,118.608
48,142.841
49,112.827
50,177.680
51,136.242
52,136.050
53,130.695
54,124.355
55,116.338
56,131.694
57,139.280
58,147.709
59,138.325
60,130.849
61,131.888
62,150.815
63,122.327
64,126.829
65,116.060
66,153.929
67,118.834
68,136.820
69,133.376
70,123.704
71,117.971
72,137.990
73,135.020
74,129.384
75,124.495
76,123.193
77,121.812
78,152.432
79,116.640
80,146.287
81,119.247
82,126.298
83,113.434
84,153.697
85,132.408
86,130.711
87,120.537
88,140.171
89,121.630
90,132.156
91,123.059
92,120.074
93,120.407
94,147.012
95,128.416
96,153.979
97,119.318
98,130.977
99,120.504
100,130.525
101,140.215
102,148.204
103,124.610
104,137.582
105,130.492
106,129.392
107,118.560
108,154.772
109,123.164
110,132.776
111,127.409
112,119.586
113,124.173
114,162.333
115,122.321
116,128.848
117,124.644
118,122.934
119,115.121
120,144.788
121,137.620
122,131.806
123,132.752
124,126.913
125,132.500
126,146.533
127,123.680
128,141.405
129,137.821
130,155.017
131,139.376
132,138.342
133,130.313
134,153.346
135,129.409
136,130.095
137,125.768
138,124.096
139,128.113
140,147.769
141,140.212
142,140.835
143,121.221
144,123.318
145,125.563
146,172.370
147,130.792
148,160.356
149,132.974
150,130.494
151,121.931
152,132.104
153,144.053
154,133.855
155,121.950
156,140.812
157,151.351
158,140.958
159,106.758
160,128.971
161,131.141
162,130.165
163,122.671
164,148.525
165,139.997
166,131.049
167,115.986
168,126.424
169,138.121
170,130.266
171,149.601
172,146.292
173,141.193
174,129.467
175,116.051
176,161.488
177,147.371
178,133.620
179,157.804
180,179.234
181,157.198
182,128.832
183,108.671
184,138.098
185,139.457
186,127.854
187,115.432
188,148.431
189,128.892
190,133.402
191,137.676
192,145.247
193,154.858
194,146.233
195,159.103
196,155.038
197,179.388
198,138.555
199,137.665
200,127.246
201,139.617
202,122.666
203,142.807
204,149.130
205,128.741
206,121.296
207,143.506
208,130.378
209,122.683
210,130.762
211,133.733
212,124.046
213,150.537
214,150.085
215,135.784
216,126.999
217,140.238
218,144.025
219,177.552
220,171.771
221,145.251
222,149.788
223,114.883
224,132.252
225,125.263
226,148.139
227,133.772
228,138.745
229,128.624
230,138.868
231,122.529
232,159.823
233,124.639
234,148.371
235,118.759
236,133.230
237,125.425
238,158.250
239,146.630
240,141.130
241,141.853
242,145.984
243,144.908
244,201.958
245,158.487
246,142.758
247,137.043
248,135.876
249,140.051
250,123.928
251,134.332
252,125.470
253,138.778
254,130.499
255,141.372
256,123.071
257,150.661
258,121.681
259,131.754
260,126.911
261,161.999
262,138.116
263,137.431
264,129.251
265,139.442
266,134.418
267,176.815
268,143.901
269,158.716
270,140.850
271,142.565
272,126.444
273,132.875
274,154.403
275,155.865
276,147.331
277,157.894
278,161.451
279,129.705
280,124.707
281,156.097
282,170.339
283,143.709
284,130.063
285,143.310
286,147.702
287,133.878
288,170.985
289,179.357
290,151.298
291,161.534
292,163.667
293,167.769
294,141.567
295,144.685
296,129.952
297,155.434
298,177.192
299,166.114
300,179.365
301,158.597
302,192.563
303,157.865
304,132.087
305,150.665
306,159.775
307,154.294
308,156.089
309,146.551
310,137.756
311,142.347
312,150.284
313,124.675
314,179.717
315,172.005
316,168.316
317,153.919
318,164.739
319,125.283
320,134.817
321,136.716
322,166.362
323,156.313
324,157.000
325,144.477
326,133.045
327,137.351
328,130.776
329,141.402
330,129.059
331,158.610
332,120.383
333,132.072
334,132.539
335,168.958
336,143.799
337,154.240
338,173.547
339,159.538
340,129.908
341,133.683
342,145.099
343,159.586
344,157.819
345,150.488
346,148.364
347,160.432
348,148.475
349,157.712
350,122.775
351,117.305
352,131.109
353,140.989
354,123.709
355,136.901
356,155.239
357,141.441
358,152.608
359,143.591
360,137.369
361,153.565
362,145.491
363,140.988
364,159.096
365,173.435
366,155.112
367,174.616
368,166.076
369,132.788
370,115.329
371,136.996
372,141.763
373,132.072
374,133.500
375,159.689
376,166.872
377,152.135
378,124.050
379,153.663
380,172.009
381,148.101
382,143.038
383,148.540
384,156.952
385,162.465
386,133.275
387,141.663
388,129.255
389,158.644
390,168.278
391,172.232
392,128.856
393,129.696
394,150.055
395,140.266
396,130.897
397,177.106
398,180.993
399,166.945
400,130.847
401,129.522
402,124.633
403,171.078
404,150.959
405,154.387
406,150.283
407,140.970
408,138.613
409,148.910
410,171.860
411,128.354
412,115.760
413,140.153
414,154.009
415,142.508
416,164.003
417,155.852
418,140.458
419,121.100
420,132.501
421,127.903
422,151.227
423,141.108
424,177.593
425,153.836
426,136.532
427,138.857
428,121.063
429,142.701
430,152.338
431,145.990
432,126.001
433,146.318
434,163.060
435,168.522
436,142.585
437,129.459
438,155.305
439,173.137
440,124.562
441,129.528
442,143.182
443,147.073
444,140.472
445,135.740
446,154.682
447,152.833
448,135.771
449,121.793
450,144.337
451,137.132
452,125.446
453,120.964
454,134.377
455,139.204
456,123.852
457,133.107
458,146.403
459,164.449
460,121.539
461,116.421
462,140.123
463,147.391
464,129.627
465,120.137
466,128.906
467,136.502
468,122.293
469,131.606
470,141.881
471,143.240
472,133.670
473,125.499
474,137.800
475,144.561
476,126.531
477,117.171
478,135.804
479,139.839
480,124.484
481,125.284
482,180.166
483,184.452
484,145.743
485,142.017
486,146.108
487,146.934
488,128.269
489,133.700
490,135.046
491,169.154
492,153.783
493,149.280
494,152.841
495,144.625
496,165.500
497,183.982
498,156.601
499,136.700
500,144.640
501,131.053
502,134.258
503,135.151
504,129.685
505,131.339
506,164.913
507,132.371
508,191.460
509,162.806
510,157.016
511,167.611
512,141.982
513,125.916
514,119.927
515,136.132
516,143.881
517,132.843
518,108.812
519,136.370
520,137.026
521,124.442
522,143.893
523,144.959
524,173.604
525,136.981
526,137.706
527,126.472
528,151.704
529,157.327
530,132.205
531,132.406
532,122.228
533,162.968
534,148.357
535,142.342
536,138.939
537,140.358
538,126.153
539,125.508
540,125.453
541,124.251
542,126.564
543,125.174
544,155.675
545,135.214
546,153.528
547,153.637
548,142.699
549,129.160
550,140.424
551,158.870
552,174.044
553,169.387
554,196.684
555,167.427
556,126.969
557,136.036
558,127.238
559,161.096
560,140.008
561,149.191
562,127.796
563,138.847
564,123.801
565,159.403
566,131.367
567,143.803
568,135.667
569,152.637
570,127.298
571,136.806
572,142.302
573,138.561
574,129.020
575,185.109
576,149.394
577,147.362
578,131.863
579,137.386
580,141.030
581,140.362
582,135.817
583,161.182
584,141.069
585,162.475
586,137.539
587,135.247
588,175.924
589,142.741
590,156.400
591,157.843
592,174.273
593,158.442
594,167.930
595,136.466
596,148.704
597,151.036
598,159.211
599,147.710
600,175.704
601,169.093
602,161.083
603,148.486
604,165.670
605,136.591
606,129.350
607,140.161
608,170.418
609,153.367
610,142.145
611,150.021
612,133.644
613,132.758
614,156.861
615,185.172
616,154.920
617,167.846
618,175.226
619,151.446
620,165.817
621,145.880
622,161.296
623,194.378
624,159.474
625,155.668
626,156.227
627,169.155
628,141.082
629,166.165
630,148.389
631,138.621
632,135.166
633,169.351
634,153.781
635,145.442
636,157.775
637,165.246
638,164.788
639,153.738
640,128.270
641,139.215
642,173.984
643,169.158
644,155.998
645,175.750
646,181.729
647,140.435
648,154.114
649,168.801
650,166.391
651,153.923
652,167.383
653,158.865
654,160.490
655,150.012
656,135.364
657,133.057
658,152.885
659,144.508
660,158.294
661,129.298
662,142.749
663,151.058
664,156.190
665,125.807
666,142.895
667,148.270
668,150.029
669,128.103
670,127.940
671,144.566
672,158.883
673,126.378
674,125.204
675,155.723
676,138.810
677,125.143
678,127.590
679,163.599
680,164.396
681,128.379
682,145.487
683,172.097
684,147.781
685,135.222
686,142.626
687,182.282
688,180.165
689,168.050
690,188.132
691,140.818
692,143.101
693,127.956
694,184.633
695,172.603
696,129.071
697,174.450
698,196.407
699,159.321
700,177.033
701,173.908
702,153.459
703,162.965
704,137.287
705,161.223
706,148.826
707,165.242
708,165.437
709,200.833
710,191.160
711,144.048
712,179.450
713,170.760
714,160.270
715,143.303
716,163.600
717,152.785
718,146.037
719,163.293
720,159.790
721,166.128
722,128.314
723,132.287
724,137.883
725,164.692
726,156.229
727,157.406
728,159.810
729,135.171
730,121.767
731,125.026
732,139.215
733,120.793
734,126.546
735,153.087
736,153.609
737,138.208
738,131.187
739,158.433
740,177.960
741,120.150
742,124.366
743,128.125
744,156.240
745,123.018
746,124.304
747,142.623
748,157.724
749,126.723
750,146.493
751,138.531
752,158.470
753,121.708
754,139.614
755,142.389
756,147.648
757,158.356
758,149.999
759,133.287
760,158.456
761,119.371
762,141.104
763,169.690
764,150.426
765,135.934
766,155.984
767,151.518
768,134.921
769,145.700
770,140.780
771,132.553
772,145.941
773,159.569
774,140.791
775,126.734
776,136.665
777,122.769
778,185.199
779,127.291
780,137.664
781,136.723
782,158.245
783,132.942
784,141.498
785,142.025
786,128.455
787,119.917
788,149.091
789,193.707
790,148.090
791,152.985
792,171.282
793,138.468
794,125.838
795,141.931
796,166.066
797,124.366
798,139.453
799,160.771
800,156.333
801,152.880
802,128.836
803,144.581
804,181.376
805,129.614
806,131.053
807,157.477
808,169.523
809,174.840
810,161.361
811,159.019
812,151.022
813,128.153
814,158.822
815,137.825
816,148.968
817,152.777
818,156.810
819,137.137
820,160.170
821,163.362
822,166.577
823,136.234
824,175.879
825,123.168
826,225.967
827,188.817
828,151.041
829,164.088
830,181.981
831,154.512
832,153.312
833,170.175
834,175.170
835,178.733
836,174.713
837,145.145
838,151.765
839,186.296
840,140.048
841,146.965
842,127.349
843,167.769
844,183.882
845,162.411
846,146.477
847,129.521
848,132.124
849,160.478
850,125.292
851,160.599
852,172.117
853,163.688
854,118.552
855,123.452
856,181.940
857,167.494
858,149.144
859,133.931
860,132.687
861,161.396
862,131.552
863,155.991
864,145.498
865,161.335
866,146.792
867,148.832
868,159.341
869,148.380
870,133.212
871,150.918
872,146.620
873,151.076
874,145.185
875,185.134
876,231.101
877,160.232
878,133.593
879,152.720
880,149.545
881,144.572
882,135.986
883,176.647
884,151.393
885,119.113
886,136.149
887,157.423
888,165.992
889,148.899
890,159.869
891,156.628
892,131.390
893,121.631
894,127.940
895,148.644
896,135.659
897,142.778
898,146.685
899,150.633
900,142.945
901,142.958
902,131.839
903,155.284
904,134.748
905,131.494
906,136.289
907,178.265
908,140.575
909,142.083
910,140.853
911,164.060
912,146.184
913,167.386
914,124.205
915,132.284
916,150.769
917,134.432
918,128.937
919,158.277
920,145.874
921,196.713
922,166.030
923,149.368
924,214.118
925,179.736
926,138.366
927,132.502
928,122.630
929,143.689
930,149.750
931,131.482
932,120.212
933,157.718
934,160.846
935,175.683
936,151.825
937,143.496
938,133.979
939,138.175
940,145.285
941,131.272
942,128.123
943,181.231
944,178.612
945,143.107
946,135.610
947,140.886
948,136.155
949,126.386
950,155.701
951,160.909
952,150.584
953,145.931
954,135.822
955,137.832
956,155.543
957,129.640
958,152.243
959,146.843
960,121.781
961,125.394
962,181.871
963,134.881
964,135.727
965,147.987
966,136.929
967,143.949
968,134.561
969,160.234
970,146.340
971,133.009
972,147.852
973,148.427
974,126.313
975,133.672
976,197.243
