frame_idx,capture_unix_ns,wall_time_iso,cam1_monotonic_ns,cam2_monotonic_ns,camera_skew_ms
1,1787213528942517100,2026-08-20T15:12:08.942+07:00,698461127442300,698461137400900,9.959
2,1787213529146646600,2026-08-20T15:12:09.146+07:00,698461494857300,698461479441600,15.416
3,1787213529290981500,2026-08-20T15:12:09.290+07:00,698461642860300,698461591714900,51.145
4,1787213529468667000,2026-08-20T15:12:09.468+07:00,698461806829900,698461774434700,32.395
5,1787213529703836300,2026-08-20T15:12:09.703+07:00,698462007203100,698462017599500,10.396
6,1787213529891332300,2026-08-20T15:12:09.891+07:00,698462212120500,698462210727200,1.393
7,1787213530111456300,2026-08-20T15:12:10.111+07:00,698462407704500,698462429681800,21.977
8,1787213530317214000,2026-08-20T15:12:10.317+07:00,698462625427900,698462603205900,22.222
9,1787213530499142000,2026-08-20T15:12:10.499+07:00,698462829983400,698462848840500,18.857
10,1787213530671682800,2026-08-20T15:12:10.671+07:00,698463034927000,698463033984200,0.943
11,1787213530811573700,2026-08-20T15:12:10.811+07:00,698463204856900,698463210876000,6.019
12,1787213530921626000,2026-08-20T15:12:10.921+07:00,698463313988900,698463327108200,13.119
13,1787213531047534100,2026-08-20T15:12:11.047+07:00,698463456502600,698463455896200,0.606
14,1787213531184061400,2026-08-20T15:12:11.184+07:00,698463560364900,698463564228900,3.864
15,1787213531323471100,2026-08-20T15:12:11.323+07:00,698463704337300,698463690885200,13.452
16,1787213531440222700,2026-08-20T15:12:11.440+07:00,698463827238000,698463804127400,23.111
17,1787213531559845100,2026-08-20T15:12:11.559+07:00,698463950637700,698463929846500,20.791
18,1787213531685319600,2026-08-20T15:12:11.685+07:00,698464077789000,698464044494000,33.295
19,1787213531820282000,2026-08-20T15:12:11.820+07:00,698464201644800,698464221301100,19.656
20,1787213531953963700,2026-08-20T15:12:11.953+07:00,698464320509800,698464351407700,30.898
21,1787213532069684900,2026-08-20T15:12:12.069+07:00,698464446095200,698464463022400,16.927
22,1787213532206853200,2026-08-20T15:12:12.206+07:00,698464595001000,698464585838200,9.163
23,1787213532337137700,2026-08-20T15:12:12.337+07:00,698464726039000,698464709518200,16.521
24,1787213532456701300,2026-08-20T15:12:12.456+07:00,698464846641700,698464823902600,22.739
25,1787213532580931400,2026-08-20T15:12:12.580+07:00,698464987671900,698464954387900,33.284
26,1787213532692446900,2026-08-20T15:12:12.692+07:00,698465080327700,698465069711300,10.616
27,1787213532816112400,2026-08-20T15:12:12.816+07:00,698465208480400,698465207714900,0.765
28,1787213532943933400,2026-08-20T15:12:12.943+07:00,698465322561600,698465313232000,9.330
29,1787213533077302600,2026-08-20T15:12:13.077+07:00,698465448841600,698465425531200,23.310
30,1787213533198384300,2026-08-20T15:12:13.198+07:00,698465594630000,698465610583300,15.953
31,1787213533327261900,2026-08-20T15:12:13.327+07:00,698465731547800,698465730336900,1.211
32,1787213533456463200,2026-08-20T15:12:13.456+07:00,698465837568600,698465845463700,7.895
33,1787213533581478500,2026-08-20T15:12:13.581+07:00,698465953697500,698465965620000,11.922
34,1787213533701077800,2026-08-20T15:12:13.701+07:00,698466071191900,698466086978600,15.787
35,1787213533818084800,2026-08-20T15:12:13.818+07:00,698466202644300,698466211562200,8.918
36,1787213533940970600,2026-08-20T15:12:13.940+07:00,698466338795200,698466338015100,0.780
37,1787213534063669600,2026-08-20T15:12:14.063+07:00,698466469669400,698466386032400,83.637
38,1787213534177360200,2026-08-20T15:12:14.177+07:00,698466565849300,698466570397800,4.548
39,1787213534289857800,2026-08-20T15:12:14.289+07:00,698466681097900,698466689492800,8.395
40,1787213534395190900,2026-08-20T15:12:14.395+07:00,698466823318600,698466817225800,6.093
41,1787213534536410200,2026-08-20T15:12:14.536+07:00,698466931079300,698466930167700,0.912
42,1787213534647089100,2026-08-20T15:12:14.647+07:00,698467059342300,698467058618300,0.724
43,1787213534763504500,2026-08-20T15:12:14.763+07:00,698467138264000,698467105274800,32.989
44,1787213534873929100,2026-08-20T15:12:14.873+07:00,698467246770800,698467296898200,50.127
45,1787213534980719100,2026-08-20T15:12:14.980+07:00,698467375698300,698467352555900,23.142
46,1787213535100032200,2026-08-20T15:12:15.100+07:00,698467485971200,698467468510500,17.461
47,1787213535216246500,2026-08-20T15:12:15.216+07:00,698467619862500,698467598495100,21.367
48,1787213535333306200,2026-08-20T15:12:15.333+07:00,698467740784100,698467715569600,25.215
49,1787213535449622500,2026-08-20T15:12:15.449+07:00,698467850078500,698467829849700,20.229
50,1787213535551188500,2026-08-20T15:12:15.551+07:00,698467964789900,698467946392900,18.397
51,1787213535681876700,2026-08-20T15:12:15.681+07:00,698468086355200,698468070846200,15.509
52,1787213535812985000,2026-08-20T15:12:15.812+07:00,698468217165000,698468201172000,15.993
53,1787213535925185600,2026-08-20T15:12:15.925+07:00,698468324649300,698468307543600,17.106
54,1787213536040607800,2026-08-20T15:12:16.040+07:00,698468449410500,698468428663900,20.747
55,1787213536145141900,2026-08-20T15:12:16.145+07:00,698468569450000,698468559885300,9.565
56,1787213536258076900,2026-08-20T15:12:16.258+07:00,698468650067200,698468667467300,17.400
57,1787213536375305300,2026-08-20T15:12:16.375+07:00,698468783828800,698468791648300,7.819
58,1787213536485891300,2026-08-20T15:12:16.485+07:00,698468901817600,698468859160000,42.658
59,1787213536595761400,2026-08-20T15:12:16.595+07:00,698469021388600,698468980407600,40.981
60,1787213536700181700,2026-08-20T15:12:16.700+07:00,698469103381900,698469088009500,15.372
61,1787213536817987800,2026-08-20T15:12:16.817+07:00,698469220448400,698469218912100,1.536
62,1787213536949318900,2026-08-20T15:12:16.949+07:00,698469340585200,698469326940100,13.645
63,1787213537071435900,2026-08-20T15:12:17.071+07:00,698469470286100,698469446746300,23.540
64,1787213537189038100,2026-08-20T15:12:17.189+07:00,698469591007100,698469574835500,16.172
65,1787213537298033700,2026-08-20T15:12:17.298+07:00,698469708273900,698469688995200,19.279
66,1787213537417956900,2026-08-20T15:12:17.417+07:00,698469826094400,698469807732100,18.362
67,1787213537534210500,2026-08-20T15:12:17.534+07:00,698469947352600,698469933328700,14.024
68,1787213537648747500,2026-08-20T15:12:17.648+07:00,698470061427600,698470052984200,8.443
69,1787213537766221300,2026-08-20T15:12:17.766+07:00,698470139089300,698470171283400,32.194
70,1787213537872771900,2026-08-20T15:12:17.872+07:00,698470264927500,698470236677000,28.250
71,1787213538003663700,2026-08-20T15:12:18.003+07:00,698470384228800,698470407549700,23.321
72,1787213538115916200,2026-08-20T15:12:18.115+07:00,698470513841800,698470529843200,16.001
73,1787213538235272000,2026-08-20T15:12:18.235+07:00,698470636889100,698470591841500,45.048
74,1787213538348192300,2026-08-20T15:12:18.348+07:00,698470737628100,698470766874600,29.247
75,1787213538456580800,2026-08-20T15:12:18.456+07:00,698470861999900,698470832967200,29.033
76,1787213538577512300,2026-08-20T15:12:18.577+07:00,698470980757300,698470949714900,31.042
77,1787213538713376200,2026-08-20T15:12:18.713+07:00,698471114237400,698471077195200,37.042
78,1787213538837301300,2026-08-20T15:12:18.837+07:00,698471237791100,698471249796100,12.005
79,1787213538970212300,2026-08-20T15:12:18.970+07:00,698471352409500,698471371545000,19.136
80,1787213539077112200,2026-08-20T15:12:19.077+07:00,698471479425800,698471488024500,8.599
81,1787213539201498800,2026-08-20T15:12:19.201+07:00,698471613747500,698471558249400,55.498
82,1787213539330719800,2026-08-20T15:12:19.330+07:00,698471720695500,698471680287500,40.408
83,1787213539467686500,2026-08-20T15:12:19.467+07:00,698471839755000,698471848220000,8.465
84,1787213539592463900,2026-08-20T15:12:19.592+07:00,698471998851100,698471971790000,27.061
85,1787213539722957300,2026-08-20T15:12:19.722+07:00,698472117752400,698472096038400,21.714
86,1787213539847451600,2026-08-20T15:12:19.847+07:00,698472254759500,698472216719700,38.040
87,1787213539963724700,2026-08-20T15:12:19.963+07:00,698472367670400,698472344722500,22.948
88,1787213540090866000,2026-08-20T15:12:20.090+07:00,698472486089300,698472453891200,32.198
89,1787213540231392100,2026-08-20T15:12:20.231+07:00,698472614400000,698472576817800,37.582
90,1787213540355872800,2026-08-20T15:12:20.355+07:00,698472763560400,698472754338800,9.222
91,1787213540484842100,2026-08-20T15:12:20.484+07:00,698472884497000,698472869586500,14.911
92,1787213540621805200,2026-08-20T15:12:20.621+07:00,698473005774600,698472990569700,15.205
93,1787213540750491200,2026-08-20T15:12:20.750+07:00,698473126228500,698473124732500,1.496
94,1787213540877561400,2026-08-20T15:12:20.877+07:00,698473286682200,698473238032800,48.649
95,1787213541026050400,2026-08-20T15:12:21.026+07:00,698473398356600,698473359757500,38.599
96,1787213541153896800,2026-08-20T15:12:21.153+07:00,698473518130400,698473531606900,13.476
97,1787213541290157800,2026-08-20T15:12:21.290+07:00,698473680267800,698473655353100,24.915
98,1787213541431530900,2026-08-20T15:12:21.431+07:00,698473813292700,698473776421400,36.871
99,1787213541571635000,2026-08-20T15:12:21.571+07:00,698473932793700,698473950935700,18.142
100,1787213541705983800,2026-08-20T15:12:21.705+07:00,698474105191400,698474078930100,26.261
101,1787213541839139300,2026-08-20T15:12:21.839+07:00,698474214204500,698474195441200,18.763
102,1787213541973515900,2026-08-20T15:12:21.973+07:00,698474361169300,698474373577900,12.409
103,1787213542109359900,2026-08-20T15:12:22.109+07:00,698474507385000,698474506524000,0.861
104,1787213542246061100,2026-08-20T15:12:22.246+07:00,698474615834300,698474622176500,6.342
105,1787213542379099600,2026-08-20T15:12:22.379+07:00,698474740394200,698474736272600,4.122
106,1787213542504999800,2026-08-20T15:12:22.505+07:00,698474894587100,698474913675800,19.089
107,1787213542634650400,2026-08-20T15:12:22.634+07:00,698475013170300,698475031728300,18.558
108,1787213542743871700,2026-08-20T15:12:22.743+07:00,698475140179600,698475097742400,42.437
109,1787213542864643000,2026-08-20T15:12:22.864+07:00,698475255440000,698475272664700,17.225
110,1787213542984498000,2026-08-20T15:12:22.984+07:00,698475370031400,698475395348000,25.317
111,1787213543097614200,2026-08-20T15:12:23.097+07:00,698475501483900,698475519114800,17.631
112,1787213543210954100,2026-08-20T15:12:23.210+07:00,698475614098600,698475631475600,17.377
113,1787213543318196700,2026-08-20T15:12:23.318+07:00,698475736156900,698475713009900,23.147
114,1787213543429394300,2026-08-20T15:12:23.429+07:00,698475845491500,698475823540300,21.951
115,1787213543566908600,2026-08-20T15:12:23.566+07:00,698475977178800,698475931316000,45.863
116,1787213543675457200,2026-08-20T15:12:23.675+07:00,698476060851600,698476054976900,5.875
117,1787213543807589500,2026-08-20T15:12:23.807+07:00,698476179581900,698476177806300,1.776
118,1787213543909467400,2026-08-20T15:12:23.909+07:00,698476307860400,698476293251600,14.609
119,1787213544024590800,2026-08-20T15:12:24.024+07:00,698476421314300,698476421124500,0.190
120,1787213544140461700,2026-08-20T15:12:24.140+07:00,698476553573200,698476551188000,2.385
121,1787213544256961500,2026-08-20T15:12:24.256+07:00,698476661724100,698476647250000,14.474
122,1787213544375620300,2026-08-20T15:12:24.375+07:00,698476783491600,698476782675000,0.817
123,1787213544485847900,2026-08-20T15:12:24.485+07:00,698476895891200,698476895359400,0.532
124,1787213544600567400,2026-08-20T15:12:24.600+07:00,698476993431200,698477010584800,17.154
125,1787213544719634100,2026-08-20T15:12:24.719+07:00,698477102525400,698477080033100,22.492
126,1787213544846129100,2026-08-20T15:12:24.846+07:00,698477229044900,698477197528900,31.516
127,1787213544963069400,2026-08-20T15:12:24.963+07:00,698477347292800,698477377081900,29.789
128,1787213545075018000,2026-08-20T15:12:25.075+07:00,698477466668500,698477498935400,32.267
129,1787213545197458300,2026-08-20T15:12:25.197+07:00,698477583490100,698477555633900,27.856
130,1787213545313378800,2026-08-20T15:12:25.313+07:00,698477700949200,698477679082800,21.866
131,1787213545435926100,2026-08-20T15:12:25.435+07:00,698477828348300,698477796439500,31.909
132,1787213545550451700,2026-08-20T15:12:25.550+07:00,698477946349900,698477914509700,31.840
133,1787213545647490700,2026-08-20T15:12:25.647+07:00,698478072652000,698478043741300,28.911
134,1787213545763515800,2026-08-20T15:12:25.763+07:00,698478148681800,698478158922000,10.240
135,1787213545864863800,2026-08-20T15:12:25.864+07:00,698478275537400,698478274538100,0.999
136,1787213545966364600,2026-08-20T15:12:25.966+07:00,698478396687700,698478395932600,0.755
137,1787213546069099900,2026-08-20T15:12:26.069+07:00,698478474782000,698478456526800,18.255
138,1787213546184908700,2026-08-20T15:12:26.184+07:00,698478581364600,698478580743500,0.621
139,1787213546287545100,2026-08-20T15:12:26.287+07:00,698478704402700,698478696538600,7.864
140,1787213546392218800,2026-08-20T15:12:26.392+07:00,698478783525100,698478766643600,16.881
141,1787213546497785100,2026-08-20T15:12:26.497+07:00,698478919643600,698478880672900,38.971
142,1787213546607460600,2026-08-20T15:12:26.607+07:00,698479031837800,698478995199900,36.638
143,1787213546701340400,2026-08-20T15:12:26.701+07:00,698479118369000,698479120371500,2.002
144,1787213546793793100,2026-08-20T15:12:26.793+07:00,698479210936800,698479174715900,36.221
145,1787213546899437100,2026-08-20T15:12:26.899+07:00,698479321381900,698479305559900,15.822
146,1787213546999494600,2026-08-20T15:12:26.999+07:00,698479398650900,698479413232000,14.581
147,1787213547096291200,2026-08-20T15:12:27.096+07:00,698479519129500,698479489890700,29.239
148,1787213547188060200,2026-08-20T15:12:27.188+07:00,698479611499800,698479611026700,0.473
149,1787213547279782700,2026-08-20T15:12:27.279+07:00,698479676415200,698479656080000,20.335
150,1787213547373198900,2026-08-20T15:12:27.373+07:00,698479799232800,698479774144400,25.088
151,1787213547481775300,2026-08-20T15:12:27.481+07:00,698479842627500,698479841759500,0.868
152,1787213547584916800,2026-08-20T15:12:27.584+07:00,698480013725500,698479971441900,42.284
153,1787213547693806200,2026-08-20T15:12:27.693+07:00,698480119356200,698480079963000,39.393
154,1787213547799415400,2026-08-20T15:12:27.799+07:00,698480208946600,698480208095400,0.851
155,1787213547888646900,2026-08-20T15:12:27.888+07:00,698480316885400,698480318833100,1.948
156,1787213547986982300,2026-08-20T15:12:27.986+07:00,698480421251900,698480378412800,42.839
157,1787213548090059400,2026-08-20T15:12:28.090+07:00,698480490023900,698480498662900,8.639
158,1787213548176532400,2026-08-20T15:12:28.176+07:00,698480605030400,698480616273600,11.243
159,1787213548288590200,2026-08-20T15:12:28.288+07:00,698480669758000,698480677191900,7.434
160,1787213548386936700,2026-08-20T15:12:28.386+07:00,698480792548500,698480802597900,10.049
161,1787213548476961700,2026-08-20T15:12:28.476+07:00,698480888013100,698480859371200,28.642
162,1787213548573508600,2026-08-20T15:12:28.573+07:00,698481005598500,698480977235100,28.363
163,1787213548671686100,2026-08-20T15:12:28.671+07:00,698481080229900,698481035422300,44.808
164,1787213548786471700,2026-08-20T15:12:28.786+07:00,698481207169100,698481161029700,46.139
165,1787213548901791200,2026-08-20T15:12:28.901+07:00,698481286972300,698481286378100,0.594
166,1787213548993092500,2026-08-20T15:12:28.993+07:00,698481406323000,698481395694600,10.628
167,1787213549099954300,2026-08-20T15:12:29.099+07:00,698481495297200,698481526692500,31.395
168,1787213549202064600,2026-08-20T15:12:29.202+07:00,698481605030600,698481577832900,27.198
169,1787213549304983600,2026-08-20T15:12:29.304+07:00,698481732873300,698481701719500,31.154
170,1787213549410784300,2026-08-20T15:12:29.410+07:00,698481801069900,698481817252800,16.183
171,1787213549507162800,2026-08-20T15:12:29.507+07:00,698481920273800,698481935713200,15.439
172,1787213549598720800,2026-08-20T15:12:29.598+07:00,698482001381400,698482000479600,0.902
173,1787213549708301500,2026-08-20T15:12:29.708+07:00,698482124180300,698482124066700,0.114
174,1787213549811168000,2026-08-20T15:12:29.811+07:00,698482204886900,698482197919300,6.968
175,1787213549911137100,2026-08-20T15:12:29.911+07:00,698482332987700,698482304118300,28.869
176,1787213550018222100,2026-08-20T15:12:30.018+07:00,698482409897900,698482420100500,10.203
177,1787213550109642100,2026-08-20T15:12:30.109+07:00,698482526872800,698482540888000,14.015
178,1787213550200441200,2026-08-20T15:12:30.200+07:00,698482608867800,698482599700500,9.167
179,1787213550311264800,2026-08-20T15:12:30.311+07:00,698482735124400,698482733695700,1.429
180,1787213550406856900,2026-08-20T15:12:30.406+07:00,698482819512000,698482837791900,18.280
181,1787213550510683000,2026-08-20T15:12:30.510+07:00,698482928129900,698482908371600,19.758
182,1787213550610146700,2026-08-20T15:12:30.610+07:00,698483044997700,698483022892000,22.106
183,1787213550705357300,2026-08-20T15:12:30.705+07:00,698483128972900,698483139070400,10.098
184,1787213550793637600,2026-08-20T15:12:30.793+07:00,698483206340400,698483201687100,4.653
185,1787213550890628100,2026-08-20T15:12:30.890+07:00,698483292408100,698483316575400,24.167
186,1787213550995087900,2026-08-20T15:12:30.995+07:00,698483407682700,698483381453300,26.229
187,1787213551096515200,2026-08-20T15:12:31.096+07:00,698483526166500,698483500861000,25.305
188,1787213551199536000,2026-08-20T15:12:31.199+07:00,698483610615300,698483618588700,7.973
189,1787213551293658500,2026-08-20T15:12:31.293+07:00,698483732829100,698483691649800,41.179
190,1787213551402593400,2026-08-20T15:12:31.402+07:00,698483822147000,698483821185000,0.962
191,1787213551500897400,2026-08-20T15:12:31.500+07:00,698483933451800,698483931954900,1.497
192,1787213551586482300,2026-08-20T15:12:31.586+07:00,698484022458200,698483985929800,36.528
193,1787213551691356200,2026-08-20T15:12:31.691+07:00,698484104953900,698484103560800,1.393
194,1787213551801101000,2026-08-20T15:12:31.801+07:00,698484225771600,698484225098700,0.673
195,1787213551896719400,2026-08-20T15:12:31.896+07:00,698484335926400,698484279251800,56.675
196,1787213552002262300,2026-08-20T15:12:32.002+07:00,698484421228800,698484397519200,23.710
197,1787213552102091200,2026-08-20T15:12:32.102+07:00,698484510322100,698484526772500,16.450
198,1787213552209507400,2026-08-20T15:12:32.209+07:00,698484620739800,698484585318300,35.422
199,1787213552311766300,2026-08-20T15:12:32.311+07:00,698484707216300,698484706298300,0.918
200,1787213552412316800,2026-08-20T15:12:32.412+07:00,698484831986700,698484822136100,9.851
201,1787213552523580000,2026-08-20T15:12:32.523+07:00,698484906040200,698484946340500,40.300
202,1787213552627231400,2026-08-20T15:12:32.627+07:00,698485032107700,698485024207100,7.901
203,1787213552731983600,2026-08-20T15:12:32.731+07:00,698485143904400,698485122745700,21.159
204,1787213552832150600,2026-08-20T15:12:32.832+07:00,698485229558900,698485246641900,17.083
205,1787213552924892500,2026-08-20T15:12:32.924+07:00,698485357735200,698485363956300,6.221
206,1787213553024472000,2026-08-20T15:12:33.024+07:00,698485428777400,698485430620900,1.843
207,1787213553140234400,2026-08-20T15:12:33.140+07:00,698485552891200,698485539050700,13.841
208,1787213553251638800,2026-08-20T15:12:33.251+07:00,698485672612200,698485663664900,8.947
209,1787213553351475300,2026-08-20T15:12:33.351+07:00,698485766311900,698485722774200,43.538
210,1787213553438689000,2026-08-20T15:12:33.438+07:00,698485873202500,698485841897500,31.305
211,1787213553523716800,2026-08-20T15:12:33.523+07:00,698485954862000,698485963571700,8.710
212,1787213553611453000,2026-08-20T15:12:33.611+07:00,698486033987500,698486026408700,7.579
213,1787213553711604100,2026-08-20T15:12:33.711+07:00,698486119599600,698486141645900,22.046
214,1787213553824812700,2026-08-20T15:12:33.824+07:00,698486238162100,698486201733100,36.429
215,1787213553930792600,2026-08-20T15:12:33.930+07:00,698486355760100,698486327593800,28.166
216,1787213554028404900,2026-08-20T15:12:34.028+07:00,698486440379000,698486444022700,3.644
217,1787213554126500300,2026-08-20T15:12:34.126+07:00,698486562996800,698486505555500,57.441
218,1787213554223859400,2026-08-20T15:12:34.223+07:00,698486641513000,698486630176900,11.336
219,1787213554346212000,2026-08-20T15:12:34.346+07:00,698486755450200,698486747249300,8.201
220,1787213554457960500,2026-08-20T15:12:34.457+07:00,698486872913500,698486871564800,1.349
221,1787213554552271000,2026-08-20T15:12:34.552+07:00,698486943789000,698486931199900,12.589
222,1787213554648393700,2026-08-20T15:12:34.648+07:00,698487066400600,698487055565200,10.835
223,1787213554735546800,2026-08-20T15:12:34.735+07:00,698487141516700,698487161805100,20.288
224,1787213554838945100,2026-08-20T15:12:34.838+07:00,698487268281400,698487233602800,34.679
225,1787213554962051000,2026-08-20T15:12:34.962+07:00,698487354270300,698487344675600,9.595
226,1787213555062684400,2026-08-20T15:12:35.062+07:00,698487487888400,698487458677800,29.211
227,1787213555163518400,2026-08-20T15:12:35.163+07:00,698487560625700,698487593205300,32.580
228,1787213555258376600,2026-08-20T15:12:35.258+07:00,698487681095200,698487648462000,32.633
229,1787213555373853500,2026-08-20T15:12:35.373+07:00,698487771674900,698487770673600,1.001
230,1787213555485279700,2026-08-20T15:12:35.485+07:00,698487896035400,698487895378000,0.657
231,1787213555589579700,2026-08-20T15:12:35.589+07:00,698488002778400,698488004747700,1.969
232,1787213555692628700,2026-08-20T15:12:35.692+07:00,698488083021300,698488065949600,17.072
233,1787213555787299100,2026-08-20T15:12:35.787+07:00,698488212538100,698488187478400,25.060
234,1787213555899185700,2026-08-20T15:12:35.899+07:00,698488320881800,698488302126500,18.755
235,1787213556023090100,2026-08-20T15:12:36.023+07:00,698488405720300,698488433544700,27.824
236,1787213556122068300,2026-08-20T15:12:36.122+07:00,698488530772500,698488536456400,5.684
237,1787213556217098000,2026-08-20T15:12:36.217+07:00,698488654104700,698488609681400,44.423
238,1787213556314455800,2026-08-20T15:12:36.314+07:00,698488719210800,698488722248100,3.037
239,1787213556409220300,2026-08-20T15:12:36.409+07:00,698488816618200,698488783445400,33.173
240,1787213556524626000,2026-08-20T15:12:36.524+07:00,698488933961800,698488903417300,30.544
241,1787213556633200300,2026-08-20T15:12:36.633+07:00,698489012726100,698489032456800,19.731
242,1787213556746226300,2026-08-20T15:12:36.746+07:00,698489125113900,698489141343400,16.230
243,1787213556841906300,2026-08-20T15:12:36.841+07:00,698489277003400,698489261755100,15.248
244,1787213556940658400,2026-08-20T15:12:36.940+07:00,698489354872200,698489324693400,30.179
245,1787213557055578900,2026-08-20T15:12:37.055+07:00,698489454312500,698489454572300,0.260
246,1787213557181342700,2026-08-20T15:12:37.181+07:00,698489567938400,698489566846700,1.092
247,1787213557280505400,2026-08-20T15:12:37.280+07:00,698489686094900,698489690778900,4.684
248,1787213557377993100,2026-08-20T15:12:37.378+07:00,698489816243600,698489808157800,8.086
249,1787213557471487600,2026-08-20T15:12:37.471+07:00,698489895082400,698489869030200,26.052
250,1787213557573340400,2026-08-20T15:12:37.573+07:00,698490006580100,698489996405100,10.175
251,1787213557692179900,2026-08-20T15:12:37.692+07:00,698490097081100,698490106862000,9.781
252,1787213557793361300,2026-08-20T15:12:37.793+07:00,698490209736100,698490220911700,11.176
253,1787213557893264700,2026-08-20T15:12:37.893+07:00,698490327517900,698490290818000,36.700
254,1787213557987703000,2026-08-20T15:12:37.987+07:00,698490422162500,698490413053100,9.109
255,1787213558080490300,2026-08-20T15:12:38.080+07:00,698490488953600,698490458378700,30.575
256,1787213558183265100,2026-08-20T15:12:38.183+07:00,698490589563600,698490589788100,0.225
257,1787213558288635200,2026-08-20T15:12:38.288+07:00,698490702565200,698490707766500,5.201
258,1787213558390081600,2026-08-20T15:12:38.390+07:00,698490812188900,698490762754800,49.434
259,1787213558476034100,2026-08-20T15:12:38.476+07:00,698490903455400,698490883316700,20.139
260,1787213558561349800,2026-08-20T15:12:38.561+07:00,698490975431300,698490946482800,28.948
261,1787213558649754900,2026-08-20T15:12:38.649+07:00,698491062209300,698491061945000,0.264
262,1787213558752280500,2026-08-20T15:12:38.752+07:00,698491184953900,698491138597900,46.356
263,1787213558853940700,2026-08-20T15:12:38.853+07:00,698491267265400,698491258530100,8.735
264,1787213558953245000,2026-08-20T15:12:38.953+07:00,698491379744400,698491374007200,5.737
265,1787213559037973600,2026-08-20T15:12:39.037+07:00,698491451467500,698491486629400,35.162
266,1787213559118440300,2026-08-20T15:12:39.118+07:00,698491544289700,698491543102500,1.187
267,1787213559207224000,2026-08-20T15:12:39.207+07:00,698491624453700,698491601772500,22.681
268,1787213559306019600,2026-08-20T15:12:39.306+07:00,698491702964000,698491729283100,26.319
269,1787213559419170800,2026-08-20T15:12:39.419+07:00,698491817849700,698491786661100,31.189
270,1787213559522947500,2026-08-20T15:12:39.522+07:00,698491939349500,698491912761600,26.588
271,1787213559613907700,2026-08-20T15:12:39.613+07:00,698492017783800,698492025055200,7.271
272,1787213559705833200,2026-08-20T15:12:39.705+07:00,698492111471800,698492089349700,22.122
273,1787213559808115100,2026-08-20T15:12:39.808+07:00,698492223482800,698492206277100,17.206
274,1787213559927618700,2026-08-20T15:12:39.927+07:00,698492339007500,698492319832200,19.175
275,1787213560028831300,2026-08-20T15:12:40.028+07:00,698492462817800,698492454906400,7.911
276,1787213560126870400,2026-08-20T15:12:40.126+07:00,698492544763000,698492513738500,31.024
277,1787213560224026200,2026-08-20T15:12:40.224+07:00,698492625232600,698492646908300,21.676
278,1787213560332337600,2026-08-20T15:12:40.332+07:00,698492751416800,698492750821400,0.595
279,1787213560435726400,2026-08-20T15:12:40.435+07:00,698492828595000,698492806732800,21.862
280,1787213560546929600,2026-08-20T15:12:40.546+07:00,698492954384900,698492931590700,22.794
281,1787213560650254800,2026-08-20T15:12:40.650+07:00,698493064149500,698493050956200,13.193
282,1787213560754338400,2026-08-20T15:12:40.754+07:00,698493162854500,698493174297200,11.443
283,1787213560861592300,2026-08-20T15:12:40.861+07:00,698493289059900,698493235819800,53.240
284,1787213560976239000,2026-08-20T15:12:40.976+07:00,698493360037900,698493359443000,0.595
285,1787213561085422700,2026-08-20T15:12:41.085+07:00,698493503818100,698493466578600,37.239
286,1787213561201489100,2026-08-20T15:12:41.201+07:00,698493582454100,698493590013800,7.560
287,1787213561296340300,2026-08-20T15:12:41.296+07:00,698493703319600,698493702562100,0.757
288,1787213561405049600,2026-08-20T15:12:41.405+07:00,698493792090700,698493830169600,38.079
289,1787213561503128800,2026-08-20T15:12:41.503+07:00,698493918189900,698493887946300,30.244
290,1787213561618368800,2026-08-20T15:12:41.618+07:00,698494038231200,698494006590300,31.641
291,1787213561719513300,2026-08-20T15:12:41.719+07:00,698494151293500,698494133145000,18.148
292,1787213561810728600,2026-08-20T15:12:41.810+07:00,698494240667700,698494252724200,12.056
293,1787213561921198700,2026-08-20T15:12:41.921+07:00,698494323461500,698494316605700,6.856
294,1787213562027792400,2026-08-20T15:12:42.027+07:00,698494439132500,698494438606200,0.526
295,1787213562120961900,2026-08-20T15:12:42.120+07:00,698494555608500,698494554382200,1.226
296,1787213562217810100,2026-08-20T15:12:42.217+07:00,698494639137000,698494612226200,26.911
297,1787213562301178100,2026-08-20T15:12:42.301+07:00,698494715627000,698494736194300,20.567
298,1787213562386708600,2026-08-20T15:12:42.386+07:00,698494804190600,698494793965200,10.225
299,1787213562482645700,2026-08-20T15:12:42.482+07:00,698494880973300,698494906528400,25.555
300,1787213562577222400,2026-08-20T15:12:42.577+07:00,698495009566500,698494974263500,35.303
301,1787213562674735700,2026-08-20T15:12:42.674+07:00,698495084693200,698495087497500,2.804
302,1787213562770571100,2026-08-20T15:12:42.770+07:00,698495195977100,698495207507200,11.530
303,1787213562854455600,2026-08-20T15:12:42.854+07:00,698495291655600,698495269835800,21.820
304,1787213562940521900,2026-08-20T15:12:42.940+07:00,698495364662100,698495386303100,21.641
305,1787213563034091500,2026-08-20T15:12:43.034+07:00,698495452578400,698495450988400,1.590
306,1787213563130820800,2026-08-20T15:12:43.130+07:00,698495563009900,698495521724200,41.286
307,1787213563230487800,2026-08-20T15:12:43.230+07:00,698495650666700,698495630025500,20.641
308,1787213563326460900,2026-08-20T15:12:43.326+07:00,698495710580000,698495751951500,41.371
309,1787213563409431100,2026-08-20T15:12:43.409+07:00,698495852110200,698495810598400,41.512
310,1787213563491293200,2026-08-20T15:12:43.491+07:00,698495932004700,698495931136700,0.868
311,1787213563581084000,2026-08-20T15:12:43.581+07:00,698496005403700,698495989544300,15.859
312,1787213563681819900,2026-08-20T15:12:43.681+07:00,698496096165400,698496051633000,44.532
313,1787213563773967800,2026-08-20T15:12:43.773+07:00,698496211996600,698496175620700,36.376
314,1787213563880568600,2026-08-20T15:12:43.880+07:00,698496288093800,698496291805900,3.712
315,1787213563968707300,2026-08-20T15:12:43.968+07:00,698496403175100,698496414526900,11.352
316,1787213564052371900,2026-08-20T15:12:44.052+07:00,698496485286800,698496469699000,15.588
317,1787213564157507900,2026-08-20T15:12:44.157+07:00,698496587103800,698496529755400,57.348
318,1787213564262097800,2026-08-20T15:12:44.262+07:00,698496658191100,698496650437800,7.753
319,1787213564365614600,2026-08-20T15:12:44.365+07:00,698496767851500,698496775468400,7.617
320,1787213564469373200,2026-08-20T15:12:44.469+07:00,698496898063800,698496897713200,0.351
321,1787213564564222300,2026-08-20T15:12:44.564+07:00,698496974529500,698496951985000,22.544
322,1787213564666704600,2026-08-20T15:12:44.666+07:00,698497097288100,698497074529900,22.758
323,1787213564773639100,2026-08-20T15:12:44.773+07:00,698497174189600,698497187753100,13.563
324,1787213564869493400,2026-08-20T15:12:44.869+07:00,698497308682200,698497249405400,59.277
325,1787213564967200800,2026-08-20T15:12:44.967+07:00,698497366457400,698497372010300,5.553
326,1787213565067360500,2026-08-20T15:12:45.067+07:00,698497488295400,698497491854100,3.559
327,1787213565159787200,2026-08-20T15:12:45.159+07:00,698497562333300,698497546628200,15.705
328,1787213565265913900,2026-08-20T15:12:45.265+07:00,698497678985500,698497670025300,8.960
329,1787213565360271800,2026-08-20T15:12:45.360+07:00,698497772751300,698497792070100,19.319
330,1787213565449694400,2026-08-20T15:12:45.449+07:00,698497881665900,698497857891000,23.775
331,1787213565540199800,2026-08-20T15:12:45.540+07:00,698497974269700,698497973685800,0.584
332,1787213565633412800,2026-08-20T15:12:45.633+07:00,698498055752800,698498038719400,17.033
333,1787213565721730900,2026-08-20T15:12:45.721+07:00,698498098660700,698498160374900,61.714
334,1787213565818054800,2026-08-20T15:12:45.818+07:00,698498243897800,698498217941500,25.956
335,1787213565911494000,2026-08-20T15:12:45.911+07:00,698498341528200,698498340732600,0.796
336,1787213565999708500,2026-08-20T15:12:45.999+07:00,698498414935000,698498399505100,15.430
337,1787213566098379900,2026-08-20T15:12:46.098+07:00,698498495626000,698498510479300,14.853
338,1787213566202818800,2026-08-20T15:12:46.202+07:00,698498624591900,698498630342000,5.750
339,1787213566301556600,2026-08-20T15:12:46.301+07:00,698498703470600,698498697883400,5.587
340,1787213566406559800,2026-08-20T15:12:46.406+07:00,698498825657700,698498828068900,2.411
341,1787213566518763200,2026-08-20T15:12:46.518+07:00,698498942365600,698498937627100,4.739
342,1787213566609428500,2026-08-20T15:12:46.609+07:00,698499018891400,698498996798300,22.093
343,1787213566721349800,2026-08-20T15:12:46.721+07:00,698499136072500,698499112561700,23.511
344,1787213566823649200,2026-08-20T15:12:46.823+07:00,698499232239200,698499246045900,13.807
345,1787213566927153900,2026-08-20T15:12:46.927+07:00,698499354677400,698499358930600,4.253
346,1787213567037518500,2026-08-20T15:12:47.037+07:00,698499433765000,698499413271200,20.494
347,1787213567134726700,2026-08-20T15:12:47.134+07:00,698499546163500,698499537498700,8.665
348,1787213567255260600,2026-08-20T15:12:47.255+07:00,698499623464600,698499653278100,29.814
349,1787213567355047500,2026-08-20T15:12:47.355+07:00,698499789735500,698499772114500,17.621
350,1787213567459311800,2026-08-20T15:12:47.459+07:00,698499865934200,698499835900800,30.033
351,1787213567567938600,2026-08-20T15:12:47.567+07:00,698499978930000,698499953171300,25.759
352,1787213567657789300,2026-08-20T15:12:47.657+07:00,698500100847100,698500073211800,27.635
353,1787213567759126700,2026-08-20T15:12:47.759+07:00,698500183690100,698500191267400,7.577
354,1787213567861834800,2026-08-20T15:12:47.861+07:00,698500268354800,698500250384000,17.971
355,1787213567963969600,2026-08-20T15:12:47.963+07:00,698500390174400,698500372657300,17.517
356,1787213568063369400,2026-08-20T15:12:48.063+07:00,698500471086200,698500497168300,26.082
357,1787213568147865000,2026-08-20T15:12:48.147+07:00,698500594534400,698500558798900,35.736
358,1787213568231295900,2026-08-20T15:12:48.231+07:00,698500674638300,698500674229000,0.409
359,1787213568335529900,2026-08-20T15:12:48.335+07:00,698500750617600,698500737002000,13.616
360,1787213568434787700,2026-08-20T15:12:48.434+07:00,698500869725300,698500851750800,17.974
361,1787213568541306500,2026-08-20T15:12:48.541+07:00,698500952147100,698500916050800,36.096
362,1787213568646578600,2026-08-20T15:12:48.646+07:00,698501075529000,698501034168800,41.360
363,1787213568751448600,2026-08-20T15:12:48.751+07:00,698501155897400,698501158584900,2.688
364,1787213568854347200,2026-08-20T15:12:48.854+07:00,698501278617100,698501277849200,0.768
365,1787213568958016800,2026-08-20T15:12:48.958+07:00,698501358378700,698501335822200,22.556
366,1787213569066320500,2026-08-20T15:12:49.066+07:00,698501477617900,698501456789500,20.828
367,1787213569169134400,2026-08-20T15:12:49.169+07:00,698501593498200,698501575563900,17.934
368,1787213569266012700,2026-08-20T15:12:49.266+07:00,698501681386400,698501693310400,11.924
369,1787213569363178700,2026-08-20T15:12:49.363+07:00,698501761621500,698501777011400,15.390
370,1787213569467734400,2026-08-20T15:12:49.467+07:00,698501893207600,698501885601500,7.606
371,1787213569568871900,2026-08-20T15:12:49.568+07:00,698501965141400,698501931232500,33.909
372,1787213569675201900,2026-08-20T15:12:49.675+07:00,698502076598500,698502054536900,22.062
373,1787213569778953700,2026-08-20T15:12:49.778+07:00,698502190369500,698502177077100,13.292
374,1787213569875428700,2026-08-20T15:12:49.875+07:00,698502310670800,698502294164200,16.507
375,1787213569965674200,2026-08-20T15:12:49.965+07:00,698502399420900,698502364819800,34.601
376,1787213570064216800,2026-08-20T15:12:50.064+07:00,698502479445900,698502479093700,0.352
377,1787213570177593900,2026-08-20T15:12:50.177+07:00,698502594263700,698502597542600,3.279
378,1787213570273095800,2026-08-20T15:12:50.273+07:00,698502674632200,698502659557800,15.074
379,1787213570367038200,2026-08-20T15:12:50.367+07:00,698502799899500,698502774363800,25.536
380,1787213570453854000,2026-08-20T15:12:50.453+07:00,698502876551700,698502840966900,35.585
381,1787213570549222600,2026-08-20T15:12:50.549+07:00,698502962377700,698502961328400,1.049
382,1787213570643498300,2026-08-20T15:12:50.643+07:00,698503059542400,698503074280600,14.738
383,1787213570741817900,2026-08-20T15:12:50.741+07:00,698503163125100,698503141711700,21.413
384,1787213570831959600,2026-08-20T15:12:50.831+07:00,698503248898800,698503261100400,12.202
385,1787213570924501400,2026-08-20T15:12:50.924+07:00,698503324601300,698503324037300,0.564
386,1787213571017726600,2026-08-20T15:12:51.017+07:00,698503459204400,698503441658800,17.546
387,1787213571110500400,2026-08-20T15:12:51.110+07:00,698503524651200,698503504166200,20.485
388,1787213571210766000,2026-08-20T15:12:51.210+07:00,698503607522000,698503619556200,12.034
389,1787213571323583000,2026-08-20T15:12:51.323+07:00,698503733857200,698503741891300,8.034
390,1787213571429801900,2026-08-20T15:12:51.429+07:00,698503851780600,698503856246000,4.465
391,1787213571523862100,2026-08-20T15:12:51.523+07:00,698503930249700,698503919414300,10.835
392,1787213571619121100,2026-08-20T15:12:51.619+07:00,698504057673500,698504047496600,10.177
393,1787213571709467800,2026-08-20T15:12:51.709+07:00,698504135910400,698504092960900,42.950
394,1787213571821190700,2026-08-20T15:12:51.821+07:00,698504241018900,698504220319300,20.700
395,1787213571943688600,2026-08-20T15:12:51.943+07:00,698504332190700,698504342974900,10.784
396,1787213572034101900,2026-08-20T15:12:52.034+07:00,698504452616900,698504457543100,4.926
397,1787213572134064500,2026-08-20T15:12:52.134+07:00,698504532985200,698504516849600,16.136
398,1787213572227683200,2026-08-20T15:12:52.227+07:00,698504657647100,698504642491300,15.156
